{
    "prc": [
        {
            "precision": 0.3655913978494624,
            "recall": 1.0,
            "threshold": 0
        },
        {
            "precision": 0.59375,
            "recall": 0.5588235294117647,
            "threshold": 1
        }
    ]
}{
    "prc": [
        {
            "precision": 0.3655913978494624,
            "recall": 1.0,
            "threshold": 0
        },
        {
            "precision": 0.59375,
            "recall": 0.5588235294117647,
            "threshold": 1
        }
    ]
}{
    "prc": [
        {
            "precision": 0.3655913978494624,
            "recall": 1.0,
            "threshold": 0
        },
        {
            "precision": 0.5862068965517241,
            "recall": 0.5,
            "threshold": 1
        }
    ]
}