{
    "prc": [
        {
            "precision": 0.3655913978494624,
            "recall": 1.0,
            "threshold": 0
        },
        {
            "precision": 0.6190476190476191,
            "recall": 0.38235294117647056,
            "threshold": 1
        }
    ]
}