{
    "prc": [
        {
            "precision": 0.3655913978494624,
            "recall": 1.0,
            "threshold": 0
        },
        {
            "precision": 0.6296296296296297,
            "recall": 0.5,
            "threshold": 1
        }
    ]
}