{
    "train_score": 75.88075880758808,
    "test_score": 69.89247311827957,
    "roc_auc": 0.7771684945164506,
    "Logistic Accuracy": 0.6989247311827957
}