{
    "train_score": 100.0,
    "test_score": 70.96774193548387,
    "roc_auc": 0.706380857427717,
    "Logistic Accuracy": 0.7096774193548387
}