{
    "train_score": 69.10569105691057,
    "test_score": 68.81720430107528,
    "roc_auc": 0.6485543369890329,
    "Logistic Accuracy": 0.6881720430107527
}