{
    "train_score": 100.0,
    "test_score": 64.74820143884892,
    "roc_auc": 0.7165815240527885,
    "Logistic Accuracy": 0.6474820143884892
}