{
    "train_score": 100.0,
    "test_score": 68.81720430107528,
    "roc_auc": 0.7036390827517448,
    "Logistic Accuracy": 0.6881720430107527
}